generation,mabe_id,score,n_connections,n_visited_states,tpm_hash
0,63,0.4375,0,4,262ea4832ee7
512,51231,0.671875,8,7,4b8fdd73c4a6
1024,102443,0.71875,16,12,b333fedbb8d0
1536,153629,0.765625,12,20,f0081c52748e
2048,204832,0.765625,16,18,524ee3405238
2560,256071,0.765625,9,16,df9b0f2f85bb
3072,307201,0.765625,12,16,a062c8d67c7b
3584,358429,0.765625,9,16,df9b0f2f85bb
4096,409668,0.765625,9,16,df9b0f2f85bb
4608,460819,0.765625,9,16,df9b0f2f85bb
5120,512002,0.765625,15,20,0fb434969844
5632,563240,0.765625,12,24,a0fee651b359
6144,614449,0.765625,10,16,04a89a17c6a9
6656,665669,0.765625,12,24,007fa1f87522
7168,716870,0.765625,9,16,df9b0f2f85bb
7680,768069,0.765625,14,22,f4a902ffd94b
8192,819214,0.765625,12,24,3751d8f389dc
8704,870492,0.765625,12,24,26172f33128d
9216,921665,0.765625,12,22,eff0fac8b0e3
9728,972881,0.765625,12,24,26172f33128d
10240,1024079,0.765625,13,26,f8c82a2d516a
10752,1075259,0.765625,12,22,b6d5f6880ccb
11264,1126471,0.765625,12,24,528e1bf73f89
11776,1177639,0.765625,12,18,847f0cb84e73
12288,1228846,0.765625,11,24,b58b416f9b8e
12800,1280064,0.765625,11,24,b58b416f9b8e
13312,1331252,0.765625,13,23,5ddf50a429c3
13824,1382484,0.765625,12,22,09b5984614c3
14336,1433661,0.765625,12,20,3f750ecdd343
14848,1484848,0.765625,11,22,7ce3b36a33ab
15360,1536035,0.765625,15,22,10f4bafcef1c
15872,1587231,0.765625,15,16,79eee6629c29
16384,1638410,0.765625,12,24,0404507f5581
16896,1689651,0.78125,16,22,1f194b0d90a5
17408,1740874,0.78125,16,23,13d998d3d398
17920,1792073,0.78125,14,25,a74efd85d8d9
18432,1843233,0.78125,14,25,9c2236e6fd1c
18944,1894409,0.78125,12,24,4a90d78069b5
19456,1945671,0.78125,12,24,5f596e5987cb
19968,1996868,0.78125,18,27,5fd90d4bfdfc
20480,2048095,0.78125,16,24,43d4e876e2e2
20992,2099258,0.78125,15,27,a8010f74076a
21504,2150445,0.78125,12,20,e1a306f5977e
22016,2201628,0.78125,14,20,cc7e9f8a0ec7
22528,2252806,0.78125,18,20,4908b87490af
23040,2304044,0.78125,16,20,a28fea71de56
23552,2355239,0.78125,16,20,6d4ce2611932
24064,2406479,0.96875,14,23,b86f7f809c2f
24576,2457633,0.96875,17,31,776ef5311599
25088,2508882,0.96875,14,23,ea1eee56d0e8
25600,2560027,0.96875,14,23,ea1eee56d0e8
26112,2611254,0.96875,14,27,4d22d7d6a1ea
26624,2662461,0.96875,15,27,40f80d8b98cb
27136,2713681,0.96875,13,24,407b45a9b4ae
27648,2764839,0.96875,17,33,e318f9332f60
28160,2816013,0.96875,13,24,407b45a9b4ae
28672,2867289,0.96875,16,32,4bae844413fd
29184,2918407,0.96875,13,28,fa69691ff28b
29696,2969620,0.96875,13,24,407b45a9b4ae
30208,3020885,0.96875,14,21,3ddf7c2184d0
30720,3072060,0.96875,16,30,e127efb51850
31232,3123274,0.96875,17,31,a2355f0d1211
31744,3174418,0.96875,16,31,c859ed41577d
32256,3225672,0.96875,13,24,407b45a9b4ae
32768,3276891,0.96875,13,24,407b45a9b4ae
33280,3328097,0.96875,13,24,407b45a9b4ae
33792,3379240,0.96875,14,24,9a8b2adc3a0c
34304,3430459,0.96875,14,23,97694b0f4f4d
34816,3481624,0.96875,18,23,3219e778f049
35328,3532846,0.96875,14,23,48d3dbe9ca12
35840,3584054,0.96875,14,23,f56e34bbf0f4
36352,3635208,0.96875,13,23,cf9c978bb29b
36864,3686462,0.96875,17,23,0b7550bdef34
37376,3737618,0.96875,13,23,cf9c978bb29b
37888,3788889,0.96875,13,27,1e44ac697234
38400,3840008,0.96875,17,30,0a1151f8c029
38912,3891258,0.96875,16,30,3f4f5382647c
39424,3942488,0.96875,17,32,4c814039ae05
39936,3993669,0.96875,16,31,f876c5071f35
40448,4044893,0.96875,17,31,775dbe9ab245
40960,4096031,0.96875,16,23,ff4ab4cb8e6a
41472,4147264,0.96875,13,23,cf9c978bb29b
41984,4198479,0.96875,18,23,e3d27c08fd4a
42496,4249605,0.96875,17,23,92b72017cb7b
43008,4300817,0.96875,15,24,d16cbfda7636
43520,4352002,0.96875,13,24,407b45a9b4ae
44032,4403228,0.96875,13,23,cf9c978bb29b
44544,4454480,0.96875,14,23,9c11fec7614e
45056,4505641,0.96875,15,24,3a120fa1530a
45568,4556817,0.96875,14,24,dcdb6899e6de
46080,4608068,0.96875,14,24,1d5d46f85235
46592,4659275,0.96875,14,24,d586c06fbb65
47104,4710450,0.96875,13,24,407b45a9b4ae
47616,4761688,0.96875,17,29,e5a026b1f96c
48128,4812814,0.96875,16,28,9420d9f737df
48640,4864021,0.96875,16,31,3067d4205b09
49152,4915267,0.96875,16,27,e54c1223aae0
49664,4966496,0.96875,16,32,8be855a6cc7c
50176,5017647,0.96875,16,32,8c1ebdc0cb75
50688,5068888,0.96875,16,33,20ddf915a2f9
51200,5120035,0.96875,17,23,3a439836526b
51712,5171240,0.96875,17,23,165adcb66007
52224,5222480,0.96875,19,23,93594634905b
52736,5273697,0.96875,15,23,d4ff2bb8fcf0
53248,5324834,0.96875,17,23,cedf54734f55
53760,5376078,0.96875,17,23,179e34d74d13
54272,5427206,0.96875,19,21,976824b586db
54784,5478500,0.96875,15,23,ebacf39f054c
55296,5529663,0.96875,15,23,7b279251736f
55808,5580839,0.96875,15,23,607dc5b89e7f
56320,5632012,0.96875,14,23,b86f7f809c2f
56832,5683284,0.96875,17,23,d431b5c8aa5f
57344,5734465,0.96875,17,23,897c2885557a
57856,5785645,0.96875,17,23,a7eb0fcadb3c
58368,5836895,0.96875,17,23,2b62e26e3546
58880,5888092,0.96875,14,23,ea1eee56d0e8
59392,5939211,0.96875,14,23,b86f7f809c2f
59904,5990479,0.96875,14,23,b86f7f809c2f
