update,timeToCoalescence,ID,alive,correct,correct_0,correct_1,correct_2,correct_3,correct_4,correct_5,correct_6,correct_7,countCopy,countDelete,countIndel,countPoint,countPointOffset,genomeLength,incorrect,incorrect_0,incorrect_1,incorrect_2,incorrect_3,incorrect_4,incorrect_5,incorrect_6,incorrect_7,markovBrainDeterministicGates,markovBrainGates,markovBrain_nextNodesConnections_LIST,markovBrain_nodesConnections_LIST,optimizeValue,roulette_numOffspring,score,timeOfBirth
0,0,1,1,0.437500,0.187500,0.187500,0.187500,0.187500,0.687500,0.687500,0.687500,0.687500,0,0,0,0,0,5000,0.562500,0.812500,0.812500,0.812500,0.812500,0.312500,0.312500,0.312500,0.312500,0,0,"0,0,0,0,0,0,0,0","0,0,0,0,0,0,0,0",3.031165,1,0.437500,-1
512,0,51210,1,0.484375,0.187500,1.000000,0.187500,1.000000,0.750000,0.000000,0.750000,0.000000,239,175,0,44670,0,19773,0.515625,0.812500,0.000000,0.812500,0.000000,0.250000,1.000000,0.250000,1.000000,1,1,"2,0,0,1,0,0,1,0","2,0,1,0,1,0,0,0",3.413584,2,0.484375,511
1024,0,102477,1,0.718750,0.125000,1.000000,0.125000,1.000000,0.750000,1.000000,0.750000,1.000000,432,376,0,95601,0,19932,0.281250,0.875000,0.000000,0.875000,0.000000,0.250000,0.000000,0.250000,0.000000,1,1,"2,0,0,1,1,0,0,0","1,1,0,0,1,0,0,0",6.183236,1,0.718750,1023
1536,0,153627,1,0.718750,0.125000,1.000000,0.125000,1.000000,0.750000,1.000000,0.750000,1.000000,644,574,0,146706,0,20096,0.281250,0.875000,0.000000,0.875000,0.000000,0.250000,0.000000,0.250000,0.000000,1,1,"0,0,0,1,1,1,0,1","1,1,0,0,1,0,0,0",6.183236,1,0.718750,1535
2048,0,204829,1,0.718750,0.125000,1.000000,0.125000,1.000000,0.750000,1.000000,0.750000,1.000000,885,795,0,197662,0,20165,0.281250,0.875000,0.000000,0.875000,0.000000,0.250000,0.000000,0.250000,0.000000,1,1,"0,0,0,1,2,0,0,1","1,1,0,0,1,0,0,0",6.183236,3,0.718750,2047
2560,0,256017,1,0.718750,0.125000,1.000000,0.125000,1.000000,0.750000,1.000000,0.750000,1.000000,1092,1000,0,248735,0,20161,0.281250,0.875000,0.000000,0.875000,0.000000,0.250000,0.000000,0.250000,0.000000,1,1,"0,0,0,1,2,0,0,1","1,1,0,0,1,0,1,0",6.183236,1,0.718750,2559
3072,0,307251,1,0.718750,0.125000,1.000000,0.125000,1.000000,0.750000,1.000000,0.750000,1.000000,1276,1198,0,299988,0,19819,0.281250,0.875000,0.000000,0.875000,0.000000,0.250000,0.000000,0.250000,0.000000,2,2,"0,0,0,1,2,1,0,1","2,1,0,0,1,1,1,0",6.183236,1,0.718750,3071
3584,0,358463,1,0.765625,0.875000,1.000000,0.875000,1.000000,0.187500,1.000000,0.187500,1.000000,1480,1408,0,351009,0,20046,0.234375,0.125000,0.000000,0.125000,0.000000,0.812500,0.000000,0.812500,0.000000,1,1,"0,0,1,1,2,0,0,0","1,1,0,0,1,0,1,0",6.963328,1,0.765625,3583
4096,0,409639,1,0.765625,0.875000,1.000000,0.875000,1.000000,0.187500,1.000000,0.187500,1.000000,1683,1608,0,401613,0,19255,0.234375,0.125000,0.000000,0.125000,0.000000,0.812500,0.000000,0.812500,0.000000,2,2,"0,2,1,2,1,2,0,0","1,1,0,0,1,0,1,1",6.963328,3,0.765625,4095
4608,0,460855,1,0.765625,0.875000,1.000000,0.875000,1.000000,0.187500,1.000000,0.187500,1.000000,1895,1802,0,452319,0,20313,0.234375,0.125000,0.000000,0.125000,0.000000,0.812500,0.000000,0.812500,0.000000,1,1,"0,0,1,1,1,1,0,0","1,1,0,0,1,0,0,0",6.963328,2,0.765625,4607
5120,0,512039,1,0.765625,0.875000,1.000000,0.875000,1.000000,0.187500,1.000000,0.187500,1.000000,2088,1999,0,503357,0,20118,0.234375,0.125000,0.000000,0.125000,0.000000,0.812500,0.000000,0.812500,0.000000,1,1,"0,0,1,1,1,1,0,0","1,1,0,0,1,0,0,0",6.963328,1,0.765625,5119
5632,0,563207,1,0.765625,0.875000,1.000000,0.875000,1.000000,0.187500,1.000000,0.187500,1.000000,2239,2167,0,554518,0,19471,0.234375,0.125000,0.000000,0.125000,0.000000,0.812500,0.000000,0.812500,0.000000,1,1,"0,0,1,1,1,1,0,0","1,1,0,0,1,0,0,1",6.963328,2,0.765625,5631
6144,0,614488,1,0.765625,0.875000,1.000000,0.875000,1.000000,0.187500,1.000000,0.187500,1.000000,2439,2359,0,605384,0,19281,0.234375,0.125000,0.000000,0.125000,0.000000,0.812500,0.000000,0.812500,0.000000,1,1,"0,0,1,1,1,0,0,1","1,1,0,0,1,0,0,0",6.963328,3,0.765625,6143
6656,0,665643,1,0.765625,0.875000,1.000000,0.875000,1.000000,0.187500,1.000000,0.187500,1.000000,2641,2580,0,656228,0,19609,0.234375,0.125000,0.000000,0.125000,0.000000,0.812500,0.000000,0.812500,0.000000,1,1,"0,0,1,1,1,0,0,1","1,1,0,1,1,0,0,0",6.963328,3,0.765625,6655
7168,0,716803,1,0.765625,0.875000,1.000000,0.875000,1.000000,0.187500,1.000000,0.187500,1.000000,2838,2779,0,706940,0,20012,0.234375,0.125000,0.000000,0.125000,0.000000,0.812500,0.000000,0.812500,0.000000,3,3,"2,1,3,2,2,1,0,1","5,1,2,1,1,0,0,0",6.963328,1,0.765625,7167
7680,0,768035,1,0.765625,0.875000,1.000000,0.875000,1.000000,0.187500,1.000000,0.187500,1.000000,3041,2980,0,758126,0,20017,0.234375,0.125000,0.000000,0.125000,0.000000,0.812500,0.000000,0.812500,0.000000,2,2,"2,0,2,1,1,0,1,1","2,1,2,0,1,0,0,0",6.963328,2,0.765625,7679
8192,0,819296,1,0.765625,0.875000,1.000000,0.875000,1.000000,0.187500,1.000000,0.187500,1.000000,3236,3177,0,809020,0,20024,0.234375,0.125000,0.000000,0.125000,0.000000,0.812500,0.000000,0.812500,0.000000,3,3,"2,0,2,2,1,0,1,0","3,2,0,0,2,0,0,2",6.963328,1,0.765625,8191
8704,0,870458,1,0.765625,0.875000,1.000000,0.875000,1.000000,0.187500,1.000000,0.187500,1.000000,3442,3362,0,859974,0,19631,0.234375,0.125000,0.000000,0.125000,0.000000,0.812500,0.000000,0.812500,0.000000,2,2,"0,2,2,1,1,0,1,0","2,1,0,1,1,0,0,1",6.963328,1,0.765625,8703
9216,0,921601,1,0.765625,0.875000,1.000000,0.875000,1.000000,0.187500,1.000000,0.187500,1.000000,3626,3558,0,911183,0,20335,0.234375,0.125000,0.000000,0.125000,0.000000,0.812500,0.000000,0.812500,0.000000,4,4,"3,1,4,1,1,2,2,0","3,2,1,1,1,0,0,0",6.963328,4,0.765625,9215
9728,0,972865,1,0.765625,0.875000,1.000000,0.875000,1.000000,0.187500,1.000000,0.187500,1.000000,3795,3741,0,962057,0,19265,0.234375,0.125000,0.000000,0.125000,0.000000,0.812500,0.000000,0.812500,0.000000,2,2,"0,0,1,1,1,1,1,1","2,1,1,0,1,0,0,0",6.963328,2,0.765625,9727
10240,0,1024087,1,0.765625,0.875000,1.000000,0.875000,1.000000,0.187500,1.000000,0.187500,1.000000,3978,3913,0,1012977,0,19958,0.234375,0.125000,0.000000,0.125000,0.000000,0.812500,0.000000,0.812500,0.000000,3,3,"2,2,2,1,1,2,0,0","3,2,1,2,1,0,0,0",6.963328,2,0.765625,10239
10752,0,1075260,1,0.328125,0.125000,0.187500,0.125000,0.187500,0.000000,1.000000,0.000000,1.000000,4151,4077,0,1063882,0,20336,0.671875,0.875000,0.812500,0.875000,0.812500,1.000000,0.000000,1.000000,0.000000,5,5,"5,1,2,1,1,2,4,0","4,2,1,0,3,1,1,5",2.297244,1,0.328125,10751
11264,0,1126473,1,0.718750,0.875000,1.000000,0.875000,1.000000,0.000000,1.000000,0.000000,1.000000,4376,4292,0,1114429,0,20359,0.281250,0.125000,0.000000,0.125000,0.000000,1.000000,0.000000,1.000000,0.000000,5,5,"3,3,1,4,2,2,3,0","5,1,0,3,4,0,2,0",6.183236,1,0.718750,11263
11776,0,1177695,1,0.796875,0.937500,1.000000,0.937500,1.000000,0.250000,1.000000,0.250000,1.000000,4580,4509,0,1165044,0,18495,0.203125,0.062500,0.000000,0.062500,0.000000,0.750000,0.000000,0.750000,0.000000,2,2,"0,1,1,1,1,1,1,0","2,1,1,1,1,0,1,0",7.537330,1,0.796875,11775
12288,0,1228845,1,0.796875,0.937500,1.000000,0.937500,1.000000,0.250000,1.000000,0.250000,1.000000,4776,4698,0,1216197,0,19890,0.203125,0.062500,0.000000,0.062500,0.000000,0.750000,0.000000,0.750000,0.000000,2,2,"1,0,2,1,1,0,1,0","2,1,0,1,1,0,1,0",7.537330,1,0.796875,12287
12800,0,1280068,1,0.796875,0.937500,1.000000,0.937500,1.000000,0.250000,1.000000,0.250000,1.000000,4955,4896,0,1266913,0,19833,0.203125,0.062500,0.000000,0.062500,0.000000,0.750000,0.000000,0.750000,0.000000,2,2,"2,1,1,1,1,0,1,0","2,1,0,1,1,1,1,0",7.537330,3,0.796875,12799
13312,0,1331243,1,0.796875,0.937500,1.000000,0.937500,1.000000,0.250000,1.000000,0.250000,1.000000,5156,5090,0,1317452,0,19973,0.203125,0.062500,0.000000,0.062500,0.000000,0.750000,0.000000,0.750000,0.000000,2,2,"1,0,3,1,1,0,1,0","2,1,0,1,1,0,1,0",7.537330,3,0.796875,13311
13824,0,1382486,1,0.796875,0.937500,1.000000,0.937500,1.000000,0.250000,1.000000,0.250000,1.000000,5353,5284,0,1368104,0,20214,0.203125,0.062500,0.000000,0.062500,0.000000,0.750000,0.000000,0.750000,0.000000,2,2,"1,0,1,1,1,0,1,0","2,1,1,0,1,1,1,0",7.537330,3,0.796875,13823
14336,0,1433662,1,0.796875,0.937500,1.000000,0.937500,1.000000,0.250000,1.000000,0.250000,1.000000,5559,5489,0,1418835,0,19524,0.203125,0.062500,0.000000,0.062500,0.000000,0.750000,0.000000,0.750000,0.000000,2,2,"0,0,1,1,1,0,1,2","2,1,2,0,1,0,1,0",7.537330,1,0.796875,14335
14848,0,1484847,1,0.796875,0.937500,1.000000,0.937500,1.000000,0.250000,1.000000,0.250000,1.000000,5750,5695,0,1469687,0,19317,0.203125,0.062500,0.000000,0.062500,0.000000,0.750000,0.000000,0.750000,0.000000,2,2,"0,0,1,1,1,0,1,2","2,1,1,0,1,1,1,0",7.537330,1,0.796875,14847
15360,0,1536079,1,0.796875,0.937500,1.000000,0.937500,1.000000,0.250000,1.000000,0.250000,1.000000,5927,5888,0,1520795,0,19850,0.203125,0.062500,0.000000,0.062500,0.000000,0.750000,0.000000,0.750000,0.000000,2,2,"0,0,1,1,1,0,1,0","2,1,1,1,1,0,1,0",7.537330,2,0.796875,15359
15872,0,1587272,1,0.781250,0.937500,1.000000,0.937500,1.000000,0.187500,1.000000,0.187500,1.000000,6129,6094,0,1571818,0,18831,0.218750,0.062500,0.000000,0.062500,0.000000,0.812500,0.000000,0.812500,0.000000,3,3,"2,1,2,1,1,0,2,0","3,1,1,2,1,1,1,0",7.244646,2,0.781250,15871
16384,0,1638437,1,0.796875,0.937500,1.000000,0.937500,1.000000,0.250000,1.000000,0.250000,1.000000,6292,6267,0,1622937,0,20045,0.203125,0.062500,0.000000,0.062500,0.000000,0.750000,0.000000,0.750000,0.000000,2,2,"0,0,1,1,1,0,1,1","2,1,1,0,1,1,1,0",7.537330,3,0.796875,16383
16896,0,1689615,1,0.890625,0.937500,1.000000,0.937500,1.000000,0.625000,1.000000,0.625000,1.000000,6486,6467,0,1673713,0,20049,0.109375,0.062500,0.000000,0.062500,0.000000,0.375000,0.000000,0.375000,0.000000,4,4,"1,1,1,2,4,0,1,3","3,3,1,0,2,0,2,1",9.559157,3,0.890625,16895
17408,0,1740873,1,0.906250,0.937500,1.000000,0.937500,1.000000,0.687500,1.000000,0.687500,1.000000,6655,6643,0,1725048,0,20137,0.093750,0.062500,0.000000,0.062500,0.000000,0.312500,0.000000,0.312500,0.000000,3,3,"0,2,1,1,2,2,1,2","2,2,1,0,1,0,1,1",9.945347,1,0.906250,17407
17920,0,1792036,1,0.906250,0.937500,1.000000,0.937500,1.000000,0.687500,1.000000,0.687500,1.000000,6853,6848,0,1775711,0,19928,0.093750,0.062500,0.000000,0.062500,0.000000,0.312500,0.000000,0.312500,0.000000,3,3,"0,3,1,1,2,0,1,2","2,2,1,0,1,0,1,1",9.945347,4,0.906250,17919
18432,0,1843261,1,0.906250,0.937500,1.000000,0.937500,1.000000,0.687500,1.000000,0.687500,1.000000,7066,7043,0,1826664,0,20165,0.093750,0.062500,0.000000,0.062500,0.000000,0.312500,0.000000,0.312500,0.000000,3,3,"1,2,1,1,1,1,1,2","2,2,0,1,1,0,1,1",9.945347,2,0.906250,18431
18944,0,1894427,1,0.906250,0.937500,1.000000,0.937500,1.000000,0.687500,1.000000,0.687500,1.000000,7266,7257,0,1878040,0,19116,0.093750,0.062500,0.000000,0.062500,0.000000,0.312500,0.000000,0.312500,0.000000,4,4,"0,1,1,1,1,4,1,2","3,2,0,1,2,0,2,1",9.945347,3,0.906250,18943
19456,0,1945691,1,0.906250,0.937500,1.000000,0.937500,1.000000,0.687500,1.000000,0.687500,1.000000,7467,7449,0,1929053,0,20014,0.093750,0.062500,0.000000,0.062500,0.000000,0.312500,0.000000,0.312500,0.000000,4,4,"2,0,1,1,1,1,2,3","2,2,1,2,2,0,2,1",9.945347,1,0.906250,19455
19968,0,1996819,1,0.906250,0.937500,1.000000,0.937500,1.000000,0.687500,1.000000,0.687500,1.000000,7654,7637,0,1979990,0,19596,0.093750,0.062500,0.000000,0.062500,0.000000,0.312500,0.000000,0.312500,0.000000,4,4,"1,1,1,1,1,0,2,2","2,2,0,0,2,0,2,1",9.945347,4,0.906250,19967
20480,0,2048079,1,0.906250,0.937500,1.000000,0.937500,1.000000,0.687500,1.000000,0.687500,1.000000,7806,7801,0,2031039,0,19817,0.093750,0.062500,0.000000,0.062500,0.000000,0.312500,0.000000,0.312500,0.000000,4,4,"3,1,1,1,1,0,1,3","2,2,0,0,2,1,2,1",9.945347,3,0.906250,20479
20992,0,2099212,1,0.906250,0.937500,1.000000,0.937500,1.000000,0.687500,1.000000,0.687500,1.000000,8000,8005,0,2082009,0,19291,0.093750,0.062500,0.000000,0.062500,0.000000,0.312500,0.000000,0.312500,0.000000,4,4,"2,2,1,1,1,1,1,2","2,2,1,0,3,0,2,1",9.945347,2,0.906250,20991
21504,0,2150414,1,0.906250,0.937500,1.000000,0.937500,1.000000,0.687500,1.000000,0.687500,1.000000,8173,8177,0,2132872,0,20026,0.093750,0.062500,0.000000,0.062500,0.000000,0.312500,0.000000,0.312500,0.000000,5,5,"3,1,1,2,1,0,1,3","4,2,0,0,3,0,3,1",9.945347,2,0.906250,21503
22016,0,2201629,1,0.906250,0.937500,1.000000,0.937500,1.000000,0.687500,1.000000,0.687500,1.000000,8341,8351,0,2183994,0,20114,0.093750,0.062500,0.000000,0.062500,0.000000,0.312500,0.000000,0.312500,0.000000,4,4,"2,2,1,1,1,1,1,2","2,2,0,2,2,0,2,1",9.945347,2,0.906250,22015
22528,0,2252860,1,0.906250,0.937500,1.000000,0.937500,1.000000,0.687500,1.000000,0.687500,1.000000,8540,8542,0,2234756,0,20238,0.093750,0.062500,0.000000,0.062500,0.000000,0.312500,0.000000,0.312500,0.000000,4,4,"0,0,2,1,2,1,2,2","2,2,0,1,2,0,3,1",9.945347,3,0.906250,22527
23040,0,2304045,1,0.906250,0.937500,1.000000,0.937500,1.000000,0.687500,1.000000,0.687500,1.000000,8718,8726,0,2286023,0,20072,0.093750,0.062500,0.000000,0.062500,0.000000,0.312500,0.000000,0.312500,0.000000,3,3,"0,3,1,1,1,0,1,2","1,2,0,0,1,0,2,1",9.945347,3,0.906250,23039
23552,0,2355201,1,0.906250,0.937500,1.000000,0.937500,1.000000,0.687500,1.000000,0.687500,1.000000,8898,8924,0,2336618,0,18932,0.093750,0.062500,0.000000,0.062500,0.000000,0.312500,0.000000,0.312500,0.000000,5,5,"2,1,1,2,1,1,1,3","2,3,1,0,3,1,3,3",9.945347,2,0.906250,23551
24064,0,2406456,1,0.906250,0.937500,1.000000,0.937500,1.000000,0.687500,1.000000,0.687500,1.000000,9107,9129,0,2386949,0,20256,0.093750,0.062500,0.000000,0.062500,0.000000,0.312500,0.000000,0.312500,0.000000,4,4,"0,3,3,1,1,0,3,4","1,5,0,3,1,0,1,1",9.945347,1,0.906250,24063
24576,0,2457677,1,0.906250,0.937500,1.000000,0.937500,1.000000,0.687500,1.000000,0.687500,1.000000,9322,9338,0,2437851,0,18117,0.093750,0.062500,0.000000,0.062500,0.000000,0.312500,0.000000,0.312500,0.000000,2,2,"0,1,1,1,1,0,1,2","1,1,0,0,1,0,1,1",9.945347,2,0.906250,24575
25088,0,2508816,1,0.906250,0.937500,1.000000,0.937500,1.000000,0.687500,1.000000,0.687500,1.000000,9531,9520,0,2488605,0,19856,0.093750,0.062500,0.000000,0.062500,0.000000,0.312500,0.000000,0.312500,0.000000,3,3,"0,3,2,1,1,0,2,2","1,2,0,0,1,0,1,2",9.945347,3,0.906250,25087
25600,0,2560049,1,0.906250,0.937500,1.000000,0.937500,1.000000,0.687500,1.000000,0.687500,1.000000,9733,9720,0,2539344,0,19928,0.093750,0.062500,0.000000,0.062500,0.000000,0.312500,0.000000,0.312500,0.000000,2,2,"0,0,1,1,1,0,1,2","1,1,0,0,1,0,1,1",9.945347,3,0.906250,25599
26112,0,2611225,1,0.906250,0.937500,1.000000,0.937500,1.000000,0.687500,1.000000,0.687500,1.000000,9951,9928,0,2589954,0,20023,0.093750,0.062500,0.000000,0.062500,0.000000,0.312500,0.000000,0.312500,0.000000,2,2,"0,0,1,1,1,0,1,2","1,1,0,0,1,0,1,1",9.945347,2,0.906250,26111
26624,0,2662420,1,0.906250,0.937500,1.000000,0.937500,1.000000,0.687500,1.000000,0.687500,1.000000,10104,10098,0,2640854,0,19520,0.093750,0.062500,0.000000,0.062500,0.000000,0.312500,0.000000,0.312500,0.000000,3,3,"0,0,1,2,2,0,1,3","2,1,0,0,2,0,2,1",9.945347,3,0.906250,26623
27136,0,2713655,1,0.906250,0.937500,1.000000,0.937500,1.000000,0.687500,1.000000,0.687500,1.000000,10286,10277,0,2691597,0,19837,0.093750,0.062500,0.000000,0.062500,0.000000,0.312500,0.000000,0.312500,0.000000,2,2,"1,0,1,1,1,0,1,2","1,1,0,0,1,0,1,1",9.945347,2,0.906250,27135
27648,0,2764861,1,0.906250,0.937500,1.000000,0.937500,1.000000,0.687500,1.000000,0.687500,1.000000,10495,10480,0,2742625,0,19820,0.093750,0.062500,0.000000,0.062500,0.000000,0.312500,0.000000,0.312500,0.000000,3,3,"0,2,2,1,1,0,2,4","1,2,0,2,1,0,1,2",9.945347,6,0.906250,27647
28160,0,2816001,1,0.906250,0.937500,1.000000,0.937500,1.000000,0.687500,1.000000,0.687500,1.000000,10696,10683,0,2793791,0,20168,0.093750,0.062500,0.000000,0.062500,0.000000,0.312500,0.000000,0.312500,0.000000,2,2,"0,2,1,1,1,0,1,2","1,1,1,0,1,0,1,1",9.945347,4,0.906250,28159
28672,0,2867223,1,0.906250,0.937500,1.000000,0.937500,1.000000,0.687500,1.000000,0.687500,1.000000,10865,10873,0,2844732,0,19816,0.093750,0.062500,0.000000,0.062500,0.000000,0.312500,0.000000,0.312500,0.000000,2,2,"0,1,1,1,1,0,1,3","1,1,1,0,1,0,1,1",9.945347,2,0.906250,28671
29184,0,2918444,1,0.906250,0.937500,1.000000,0.937500,1.000000,0.687500,1.000000,0.687500,1.000000,11081,11094,0,2895448,0,19624,0.093750,0.062500,0.000000,0.062500,0.000000,0.312500,0.000000,0.312500,0.000000,2,2,"0,0,1,1,1,0,1,3","1,1,0,1,1,1,1,1",9.945347,1,0.906250,29183
29696,0,2969627,1,0.906250,0.937500,1.000000,0.937500,1.000000,0.687500,1.000000,0.687500,1.000000,11284,11302,0,2946450,0,20008,0.093750,0.062500,0.000000,0.062500,0.000000,0.312500,0.000000,0.312500,0.000000,3,3,"0,1,1,1,1,0,1,3","1,2,0,2,1,0,1,1",9.945347,1,0.906250,29695
30208,0,3020896,1,0.906250,0.937500,1.000000,0.937500,1.000000,0.687500,1.000000,0.687500,1.000000,11476,11487,0,2997549,0,20007,0.093750,0.062500,0.000000,0.062500,0.000000,0.312500,0.000000,0.312500,0.000000,2,2,"0,0,1,1,1,0,1,3","1,1,0,1,1,0,1,1",9.945347,2,0.906250,30207
30720,0,3072014,1,0.906250,0.937500,1.000000,0.937500,1.000000,0.687500,1.000000,0.687500,1.000000,11674,11680,0,3048707,0,19620,0.093750,0.062500,0.000000,0.062500,0.000000,0.312500,0.000000,0.312500,0.000000,2,2,"0,0,1,1,1,0,1,3","1,1,0,0,1,0,1,1",9.945347,2,0.906250,30719
31232,0,3123270,1,0.906250,0.937500,1.000000,0.937500,1.000000,0.687500,1.000000,0.687500,1.000000,11858,11863,0,3099500,0,19681,0.093750,0.062500,0.000000,0.062500,0.000000,0.312500,0.000000,0.312500,0.000000,2,2,"0,1,1,1,1,0,1,2","1,1,1,0,1,0,1,1",9.945347,2,0.906250,31231
31744,0,3174454,1,0.906250,0.937500,1.000000,0.937500,1.000000,0.687500,1.000000,0.687500,1.000000,12047,12062,0,3150546,0,19481,0.093750,0.062500,0.000000,0.062500,0.000000,0.312500,0.000000,0.312500,0.000000,2,2,"0,0,1,1,1,0,1,3","1,1,0,1,1,0,1,1",9.945347,2,0.906250,31743
32256,0,3225628,1,0.906250,0.937500,1.000000,0.937500,1.000000,0.687500,1.000000,0.687500,1.000000,12234,12250,0,3201604,0,20103,0.093750,0.062500,0.000000,0.062500,0.000000,0.312500,0.000000,0.312500,0.000000,2,2,"0,0,1,1,1,1,1,2","1,1,0,1,1,0,1,1",9.945347,3,0.906250,32255
32768,0,3276866,1,0.906250,0.937500,1.000000,0.937500,1.000000,0.687500,1.000000,0.687500,1.000000,12403,12447,0,3252448,0,19931,0.093750,0.062500,0.000000,0.062500,0.000000,0.312500,0.000000,0.312500,0.000000,3,3,"0,2,1,1,1,0,1,2","1,1,2,0,1,0,1,1",9.945347,2,0.906250,32767
33280,0,3328078,1,0.906250,0.937500,1.000000,0.937500,1.000000,0.687500,1.000000,0.687500,1.000000,12584,12640,0,3303628,0,20000,0.093750,0.062500,0.000000,0.062500,0.000000,0.312500,0.000000,0.312500,0.000000,3,3,"0,0,2,1,1,0,2,3","1,2,0,0,1,0,1,2",9.945347,3,0.906250,33279
33792,0,3379208,1,0.906250,0.937500,1.000000,0.937500,1.000000,0.687500,1.000000,0.687500,1.000000,12764,12819,0,3353857,0,20333,0.093750,0.062500,0.000000,0.062500,0.000000,0.312500,0.000000,0.312500,0.000000,2,2,"0,0,1,1,1,0,1,2","1,1,0,0,1,0,1,1",9.945347,1,0.906250,33791
34304,0,3430452,1,0.906250,0.937500,1.000000,0.937500,1.000000,0.687500,1.000000,0.687500,1.000000,12926,12989,0,3404769,0,19744,0.093750,0.062500,0.000000,0.062500,0.000000,0.312500,0.000000,0.312500,0.000000,2,2,"0,1,1,1,1,0,1,2","1,1,0,0,1,0,1,1",9.945347,1,0.906250,34303
34816,0,3481695,1,0.906250,0.937500,1.000000,0.937500,1.000000,0.687500,1.000000,0.687500,1.000000,13114,13175,0,3455708,0,19480,0.093750,0.062500,0.000000,0.062500,0.000000,0.312500,0.000000,0.312500,0.000000,2,2,"0,1,1,1,1,0,1,2","1,1,0,0,1,0,1,1",9.945347,2,0.906250,34815
35328,0,3532871,1,0.906250,0.937500,1.000000,0.937500,1.000000,0.687500,1.000000,0.687500,1.000000,13315,13374,0,3506745,0,20300,0.093750,0.062500,0.000000,0.062500,0.000000,0.312500,0.000000,0.312500,0.000000,2,2,"0,0,1,2,1,0,1,2","1,1,1,0,1,0,1,1",9.945347,3,0.906250,35327
35840,0,3584057,1,0.906250,0.937500,1.000000,0.937500,1.000000,0.687500,1.000000,0.687500,1.000000,13499,13557,0,3557562,0,19772,0.093750,0.062500,0.000000,0.062500,0.000000,0.312500,0.000000,0.312500,0.000000,2,2,"0,0,1,2,1,0,1,2","1,1,1,0,1,0,1,1",9.945347,2,0.906250,35839
36352,0,3635205,1,0.906250,0.937500,1.000000,0.937500,1.000000,0.687500,1.000000,0.687500,1.000000,13671,13737,0,3608566,0,20119,0.093750,0.062500,0.000000,0.062500,0.000000,0.312500,0.000000,0.312500,0.000000,2,2,"0,1,1,1,1,0,1,2","1,1,1,0,1,0,1,1",9.945347,2,0.906250,36351
36864,0,3686449,1,0.906250,0.937500,1.000000,0.937500,1.000000,0.687500,1.000000,0.687500,1.000000,13860,13937,0,3659270,0,19457,0.093750,0.062500,0.000000,0.062500,0.000000,0.312500,0.000000,0.312500,0.000000,2,2,"0,0,1,1,1,0,1,2","1,1,1,0,1,0,1,1",9.945347,3,0.906250,36863
37376,0,3737635,1,0.906250,0.937500,1.000000,0.937500,1.000000,0.687500,1.000000,0.687500,1.000000,14080,14154,0,3709829,0,19691,0.093750,0.062500,0.000000,0.062500,0.000000,0.312500,0.000000,0.312500,0.000000,3,3,"0,0,1,1,1,0,2,2","1,2,0,0,1,1,1,2",9.945347,1,0.906250,37375
37888,0,3788845,1,0.906250,0.937500,1.000000,0.937500,1.000000,0.687500,1.000000,0.687500,1.000000,14288,14364,0,3760490,0,19950,0.093750,0.062500,0.000000,0.062500,0.000000,0.312500,0.000000,0.312500,0.000000,2,2,"1,0,1,1,1,0,1,2","1,1,0,0,1,1,1,1",9.945347,2,0.906250,37887
38400,0,3840019,1,0.906250,0.937500,1.000000,0.937500,1.000000,0.687500,1.000000,0.687500,1.000000,14468,14549,0,3811703,0,20042,0.093750,0.062500,0.000000,0.062500,0.000000,0.312500,0.000000,0.312500,0.000000,2,2,"1,0,1,1,1,0,1,2","1,1,0,0,1,1,1,1",9.945347,1,0.906250,38399
38912,0,3891231,1,0.906250,0.937500,1.000000,0.937500,1.000000,0.687500,1.000000,0.687500,1.000000,14668,14757,0,3863010,0,19660,0.093750,0.062500,0.000000,0.062500,0.000000,0.312500,0.000000,0.312500,0.000000,3,3,"0,0,2,2,1,0,2,3","1,2,0,0,1,0,1,2",9.945347,2,0.906250,38911
39424,0,3942494,1,0.906250,0.937500,1.000000,0.937500,1.000000,0.687500,1.000000,0.687500,1.000000,14870,14960,0,3913416,0,20316,0.093750,0.062500,0.000000,0.062500,0.000000,0.312500,0.000000,0.312500,0.000000,2,2,"0,1,1,1,1,0,1,2","1,1,0,0,1,0,1,1",9.945347,2,0.906250,39423
39936,0,3993659,1,0.906250,0.937500,1.000000,0.937500,1.000000,0.687500,1.000000,0.687500,1.000000,15078,15170,0,3964121,0,20221,0.093750,0.062500,0.000000,0.062500,0.000000,0.312500,0.000000,0.312500,0.000000,3,3,"0,0,4,1,1,0,2,3","1,2,0,0,1,0,1,2",9.945347,1,0.906250,39935
40448,0,4044828,1,0.906250,0.937500,1.000000,0.937500,1.000000,0.687500,1.000000,0.687500,1.000000,15256,15349,0,4014403,0,19551,0.093750,0.062500,0.000000,0.062500,0.000000,0.312500,0.000000,0.312500,0.000000,2,2,"0,0,1,1,1,0,1,2","1,1,0,0,1,1,1,1",9.945347,2,0.906250,40447
40960,0,4096057,1,0.906250,0.937500,1.000000,0.937500,1.000000,0.687500,1.000000,0.687500,1.000000,15474,15555,0,4065283,0,20183,0.093750,0.062500,0.000000,0.062500,0.000000,0.312500,0.000000,0.312500,0.000000,2,2,"0,0,1,1,1,0,1,2","1,1,0,0,1,0,1,1",9.945347,1,0.906250,40959
41472,0,4147214,1,0.906250,0.937500,1.000000,0.937500,1.000000,0.687500,1.000000,0.687500,1.000000,15682,15767,0,4115942,0,19514,0.093750,0.062500,0.000000,0.062500,0.000000,0.312500,0.000000,0.312500,0.000000,2,2,"0,0,1,1,1,0,1,2","1,1,0,0,1,0,1,1",9.945347,2,0.906250,41471
41984,0,4198449,1,0.906250,0.937500,1.000000,0.937500,1.000000,0.687500,1.000000,0.687500,1.000000,15862,15963,0,4166561,0,19864,0.093750,0.062500,0.000000,0.062500,0.000000,0.312500,0.000000,0.312500,0.000000,2,2,"0,0,1,1,1,0,1,2","1,1,0,0,1,0,1,1",9.945347,3,0.906250,41983
42496,0,4249608,1,0.906250,0.937500,1.000000,0.937500,1.000000,0.687500,1.000000,0.687500,1.000000,16069,16173,0,4217124,0,19556,0.093750,0.062500,0.000000,0.062500,0.000000,0.312500,0.000000,0.312500,0.000000,3,3,"0,0,2,1,1,0,2,3","1,2,0,0,1,0,1,2",9.945347,2,0.906250,42495
43008,0,4300900,1,0.906250,0.937500,1.000000,0.937500,1.000000,0.687500,1.000000,0.687500,1.000000,16284,16389,0,4267715,0,19629,0.093750,0.062500,0.000000,0.062500,0.000000,0.312500,0.000000,0.312500,0.000000,2,2,"0,1,1,1,1,0,1,2","1,1,0,0,1,0,1,1",9.945347,1,0.906250,43007
43520,0,4352042,1,0.906250,0.937500,1.000000,0.937500,1.000000,0.687500,1.000000,0.687500,1.000000,16448,16574,0,4318884,0,20156,0.093750,0.062500,0.000000,0.062500,0.000000,0.312500,0.000000,0.312500,0.000000,2,2,"0,1,1,1,1,0,1,2","1,1,0,0,1,0,1,1",9.945347,2,0.906250,43519
44032,0,4403225,1,0.906250,0.937500,1.000000,0.937500,1.000000,0.687500,1.000000,0.687500,1.000000,16621,16755,0,4370012,0,19969,0.093750,0.062500,0.000000,0.062500,0.000000,0.312500,0.000000,0.312500,0.000000,2,2,"1,0,1,1,1,0,1,2","1,1,0,0,1,0,1,1",9.945347,2,0.906250,44031
44544,0,4454481,1,0.906250,0.937500,1.000000,0.937500,1.000000,0.687500,1.000000,0.687500,1.000000,16820,16955,0,4420823,0,20142,0.093750,0.062500,0.000000,0.062500,0.000000,0.312500,0.000000,0.312500,0.000000,2,2,"1,0,1,1,1,0,1,2","1,1,0,0,1,0,1,1",9.945347,4,0.906250,44543
45056,0,4505659,1,0.906250,0.937500,1.000000,0.937500,1.000000,0.687500,1.000000,0.687500,1.000000,17030,17144,0,4471675,0,19907,0.093750,0.062500,0.000000,0.062500,0.000000,0.312500,0.000000,0.312500,0.000000,4,4,"0,0,3,1,1,0,3,4","1,3,0,0,1,0,1,3",9.945347,3,0.906250,45055
45568,0,4556836,1,0.906250,0.937500,1.000000,0.937500,1.000000,0.687500,1.000000,0.687500,1.000000,17213,17352,0,4522798,0,20045,0.093750,0.062500,0.000000,0.062500,0.000000,0.312500,0.000000,0.312500,0.000000,2,2,"0,0,1,1,1,0,1,2","1,1,0,0,1,0,1,1",9.945347,1,0.906250,45567
46080,0,4608077,1,0.937500,1.000000,1.000000,1.000000,1.000000,0.750000,1.000000,0.750000,1.000000,17389,17549,0,4573606,0,20125,0.062500,0.000000,0.000000,0.000000,0.000000,0.250000,0.000000,0.250000,0.000000,2,2,"0,1,1,1,1,1,0,1","1,2,0,0,1,1,0,1",10.765163,2,0.937500,46079
46592,0,4659219,1,0.984375,1.000000,1.000000,1.000000,1.000000,0.937500,1.000000,0.937500,1.000000,17567,17730,0,4624093,0,19811,0.015625,0.000000,0.000000,0.000000,0.000000,0.062500,0.000000,0.062500,0.000000,4,4,"1,0,2,2,2,4,0,2","2,4,0,0,2,2,0,2",12.123322,2,0.984375,46591
47104,0,4710411,1,0.968750,1.000000,1.000000,1.000000,1.000000,0.875000,1.000000,0.875000,1.000000,17744,17908,0,4674986,0,20298,0.031250,0.000000,0.000000,0.000000,0.000000,0.125000,0.000000,0.125000,0.000000,2,2,"0,1,1,1,1,1,0,1","1,2,0,0,1,1,0,1",11.652559,1,0.968750,47103
47616,0,4761613,1,0.968750,1.000000,1.000000,1.000000,1.000000,0.875000,1.000000,0.875000,1.000000,17920,18102,0,4726207,0,19916,0.031250,0.000000,0.000000,0.000000,0.000000,0.125000,0.000000,0.125000,0.000000,2,2,"0,1,1,1,1,1,1,1","1,2,0,0,1,1,0,1",11.652559,4,0.968750,47615
48128,0,4812887,1,0.968750,1.000000,1.000000,1.000000,1.000000,0.875000,1.000000,0.875000,1.000000,18106,18280,0,4777125,0,19998,0.031250,0.000000,0.000000,0.000000,0.000000,0.125000,0.000000,0.125000,0.000000,2,2,"0,1,1,1,1,1,1,1","1,2,0,0,1,1,0,1",11.652559,2,0.968750,48127
48640,0,4864009,1,0.968750,0.937500,1.000000,0.937500,1.000000,0.937500,1.000000,0.937500,1.000000,18297,18476,0,4828079,0,20462,0.031250,0.062500,0.000000,0.062500,0.000000,0.062500,0.000000,0.062500,0.000000,2,2,"0,2,1,1,1,1,0,1","1,2,0,0,1,1,0,1",11.652559,2,0.968750,48639
49152,0,4915295,1,0.984375,1.000000,1.000000,1.000000,1.000000,0.937500,1.000000,0.937500,1.000000,18476,18665,0,4878332,0,20016,0.015625,0.000000,0.000000,0.000000,0.000000,0.062500,0.000000,0.062500,0.000000,3,3,"0,0,1,1,1,2,3,2","1,3,0,0,1,1,0,2",12.123322,1,0.984375,49151
49664,0,4966492,1,0.984375,1.000000,1.000000,1.000000,1.000000,0.937500,1.000000,0.937500,1.000000,18681,18863,0,4929227,0,19467,0.015625,0.000000,0.000000,0.000000,0.000000,0.062500,0.000000,0.062500,0.000000,3,3,"1,0,1,1,1,2,2,1","1,4,0,0,1,1,0,2",12.123322,2,0.984375,49663
50176,0,5017646,1,0.984375,1.000000,1.000000,1.000000,1.000000,0.937500,1.000000,0.937500,1.000000,18853,19045,0,4980002,0,20140,0.015625,0.000000,0.000000,0.000000,0.000000,0.062500,0.000000,0.062500,0.000000,2,2,"1,0,1,1,1,1,0,1","1,3,0,0,1,1,0,1",12.123322,2,0.984375,50175
50688,0,5068808,1,0.984375,1.000000,1.000000,1.000000,1.000000,0.937500,1.000000,0.937500,1.000000,19043,19236,0,5030784,0,19623,0.015625,0.000000,0.000000,0.000000,0.000000,0.062500,0.000000,0.062500,0.000000,2,2,"1,0,1,1,1,1,0,1","1,3,0,0,1,1,0,1",12.123322,2,0.984375,50687
51200,0,5120096,1,0.984375,1.000000,1.000000,1.000000,1.000000,0.937500,1.000000,0.937500,1.000000,19238,19442,0,5081494,0,19074,0.015625,0.000000,0.000000,0.000000,0.000000,0.062500,0.000000,0.062500,0.000000,3,3,"2,0,1,2,2,1,1,1","2,4,0,0,2,2,0,1",12.123322,3,0.984375,51199
51712,0,5171209,1,0.984375,1.000000,1.000000,1.000000,1.000000,0.937500,1.000000,0.937500,1.000000,19473,19655,0,5132067,0,20165,0.015625,0.000000,0.000000,0.000000,0.000000,0.062500,0.000000,0.062500,0.000000,2,2,"1,0,1,1,1,1,1,1","1,3,0,0,1,1,0,1",12.123322,2,0.984375,51711
52224,0,5222458,1,0.984375,1.000000,1.000000,1.000000,1.000000,0.937500,1.000000,0.937500,1.000000,19666,19850,0,5182801,0,19827,0.015625,0.000000,0.000000,0.000000,0.000000,0.062500,0.000000,0.062500,0.000000,2,2,"0,0,1,1,1,1,1,1","1,3,0,0,1,1,0,1",12.123322,2,0.984375,52223
52736,0,5273602,1,0.968750,1.000000,1.000000,1.000000,1.000000,0.875000,1.000000,0.875000,1.000000,19863,20054,0,5233508,0,20107,0.031250,0.000000,0.000000,0.000000,0.000000,0.125000,0.000000,0.125000,0.000000,2,2,"0,0,1,1,1,2,0,1","1,3,0,0,1,1,0,1",11.652559,2,0.968750,52735
53248,0,5324820,1,0.968750,1.000000,1.000000,1.000000,1.000000,0.875000,1.000000,0.875000,1.000000,20058,20260,0,5284035,0,19930,0.031250,0.000000,0.000000,0.000000,0.000000,0.125000,0.000000,0.125000,0.000000,2,2,"0,1,1,1,1,2,0,1","1,3,0,0,1,1,0,1",11.652559,1,0.968750,53247
53760,0,5376098,1,0.968750,1.000000,1.000000,1.000000,1.000000,0.875000,1.000000,0.875000,1.000000,20283,20479,0,5334553,0,19520,0.031250,0.000000,0.000000,0.000000,0.000000,0.125000,0.000000,0.125000,0.000000,3,3,"2,1,2,1,1,2,0,2","1,5,0,0,1,1,0,2",11.652559,2,0.968750,53759
54272,0,5427272,1,0.984375,1.000000,1.000000,1.000000,1.000000,0.937500,1.000000,0.937500,1.000000,20449,20651,0,5385593,0,20035,0.015625,0.000000,0.000000,0.000000,0.000000,0.062500,0.000000,0.062500,0.000000,4,4,"5,0,1,1,3,2,0,1","1,7,0,0,1,1,0,3",12.123322,2,0.984375,54271
54784,0,5478435,1,0.984375,1.000000,1.000000,1.000000,1.000000,0.937500,1.000000,0.937500,1.000000,20651,20847,0,5436326,0,20313,0.015625,0.000000,0.000000,0.000000,0.000000,0.062500,0.000000,0.062500,0.000000,3,3,"0,2,1,1,1,1,1,1","1,4,0,0,1,1,1,3",12.123322,4,0.984375,54783
55296,0,5529647,1,0.968750,1.000000,1.000000,1.000000,1.000000,0.875000,1.000000,0.875000,1.000000,20851,21043,0,5487244,0,19862,0.031250,0.000000,0.000000,0.000000,0.000000,0.125000,0.000000,0.125000,0.000000,3,3,"2,0,1,1,1,2,1,1","1,4,0,0,1,1,0,3",11.652559,1,0.968750,55295
55808,0,5580884,1,0.953125,1.000000,1.000000,1.000000,1.000000,0.812500,1.000000,0.812500,1.000000,21031,21232,0,5538194,0,20207,0.046875,0.000000,0.000000,0.000000,0.000000,0.187500,0.000000,0.187500,0.000000,3,3,"2,1,1,1,1,2,0,1","1,3,0,1,1,1,1,1",11.200076,3,0.953125,55807
56320,0,5632083,1,0.953125,1.000000,1.000000,1.000000,1.000000,0.812500,1.000000,0.812500,1.000000,21235,21429,0,5588715,0,20217,0.046875,0.000000,0.000000,0.000000,0.000000,0.187500,0.000000,0.187500,0.000000,3,3,"1,1,1,1,2,1,1,1","1,3,0,0,1,1,0,1",11.200076,1,0.953125,56319
56832,0,5683258,1,0.953125,1.000000,1.000000,1.000000,1.000000,0.812500,1.000000,0.812500,1.000000,21403,21609,0,5639477,0,19850,0.046875,0.000000,0.000000,0.000000,0.000000,0.187500,0.000000,0.187500,0.000000,5,5,"1,4,2,1,3,2,0,2","1,5,0,0,1,1,0,2",11.200076,1,0.953125,56831
57344,0,5734499,1,0.968750,1.000000,1.000000,1.000000,1.000000,0.875000,1.000000,0.875000,1.000000,21611,21830,0,5690526,0,19680,0.031250,0.000000,0.000000,0.000000,0.000000,0.125000,0.000000,0.125000,0.000000,3,3,"2,1,1,2,1,1,0,1","1,3,0,0,1,1,0,1",11.652559,2,0.968750,57343
57856,0,5785698,1,0.968750,1.000000,1.000000,1.000000,1.000000,0.875000,1.000000,0.875000,1.000000,21800,22024,0,5741233,0,20184,0.031250,0.000000,0.000000,0.000000,0.000000,0.125000,0.000000,0.125000,0.000000,3,3,"1,3,2,2,1,1,1,1","1,3,0,0,1,1,0,1",11.652559,2,0.968750,57855
58368,0,5836822,1,0.968750,1.000000,1.000000,1.000000,1.000000,0.875000,1.000000,0.875000,1.000000,21970,22189,0,5792250,0,20021,0.031250,0.000000,0.000000,0.000000,0.000000,0.125000,0.000000,0.125000,0.000000,2,2,"1,0,1,2,1,2,0,1","1,2,0,0,1,1,0,1",11.652559,2,0.968750,58367
58880,0,5888076,1,0.968750,0.937500,1.000000,0.937500,1.000000,0.937500,1.000000,0.937500,1.000000,22189,22391,0,5843300,0,20035,0.031250,0.062500,0.000000,0.062500,0.000000,0.062500,0.000000,0.062500,0.000000,2,2,"1,0,1,2,1,1,1,1","1,2,0,0,1,1,0,1",11.652559,2,0.968750,58879
59392,0,5939261,1,0.953125,0.937500,1.000000,0.937500,1.000000,0.875000,1.000000,0.875000,1.000000,22359,22566,0,5894432,0,20265,0.046875,0.062500,0.000000,0.062500,0.000000,0.125000,0.000000,0.125000,0.000000,2,2,"0,1,1,2,1,1,1,1","1,2,0,0,1,1,0,1",11.200076,4,0.953125,59391
59904,12,5990473,1,0.953125,1.000000,1.000000,1.000000,1.000000,0.812500,1.000000,0.812500,1.000000,22561,22769,0,5945123,0,20004,0.046875,0.000000,0.000000,0.000000,0.000000,0.187500,0.000000,0.187500,0.000000,3,3,"0,2,1,2,2,1,2,1","2,3,0,0,2,2,0,1",11.200076,2,0.953125,59903
